{
  "hash": "8053df4c",
  "browserHash": "2d751ed6",
  "optimized": {
    "@angular/common": {
      "src": "../../../../../node_modules/@angular/common/fesm2022/common.mjs",
      "file": "@angular_common.js",
      "fileHash": "745e5cce",
      "needsInterop": false
    },
    "@angular/common/http": {
      "src": "../../../../../node_modules/@angular/common/fesm2022/http.mjs",
      "file": "@angular_common_http.js",
      "fileHash": "2de93364",
      "needsInterop": false
    },
    "@angular/core": {
      "src": "../../../../../node_modules/@angular/core/fesm2022/core.mjs",
      "file": "@angular_core.js",
      "fileHash": "0ab46c4e",
      "needsInterop": false
    },
    "@angular/forms": {
      "src": "../../../../../node_modules/@angular/forms/fesm2022/forms.mjs",
      "file": "@angular_forms.js",
      "fileHash": "4fcd349c",
      "needsInterop": false
    },
    "@angular/platform-browser": {
      "src": "../../../../../node_modules/@angular/platform-browser/fesm2022/platform-browser.mjs",
      "file": "@angular_platform-browser.js",
      "fileHash": "7b03bbc1",
      "needsInterop": false
    },
    "@angular/router": {
      "src": "../../../../../node_modules/@angular/router/fesm2022/router.mjs",
      "file": "@angular_router.js",
      "fileHash": "fe9d6c62",
      "needsInterop": false
    }
  },
  "chunks": {
    "chunk-M2LVWWGN": {
      "file": "chunk-M2LVWWGN.js"
    },
    "chunk-4P46Y5TD": {
      "file": "chunk-4P46Y5TD.js"
    },
    "chunk-GG5BJ3P3": {
      "file": "chunk-GG5BJ3P3.js"
    },
    "chunk-GWLPIXA7": {
      "file": "chunk-GWLPIXA7.js"
    }
  }
}